dataset,algorithm,mu,objective,relative_objective_gap,relative_error,nonzero_count,support_precision,support_recall,support_f1,validation_mse,test_mse,cpu_time,notes
synthetic_noise_100,Subgradient,0.11252929594189578,3.4409530913205315,,0.84248447906795,298,0.06711409395973154,1.0,0.12578616352201258,,,0.016700541018508375,
synthetic_noise_100,ISTA,0.11252929594189578,2.0182872537027614,,0.44656749161972836,62,0.22580645161290322,0.7,0.3414634146341463,,,0.01365320896729827,
synthetic_noise_100,FISTA,0.11252929594189578,2.018289289054053,,0.44649710450343916,62,0.22580645161290322,0.7,0.3414634146341463,,,0.004339125007390976,
synthetic_noise_100,CD,0.11252929594189578,2.0182865377248156,,0.4462542412652992,62,0.22580645161290322,0.7,0.3414634146341463,,,0.052927999990060925,
synthetic_noise_100,ADMM,0.11252929594189578,2.0182873771538317,,0.4462234550108323,62,0.22580645161290322,0.7,0.3414634146341463,,,0.015377208008430898,
