dataset,algorithm,mu,objective,relative_objective_gap,relative_error,nonzero_count,support_precision,support_recall,support_f1,validation_mse,test_mse,cpu_time,notes
synthetic_noise_050,Subgradient,0.11191001253418736,3.2883513559433153,,0.8385004658292903,299,0.06688963210702341,1.0,0.12539184952978055,,,0.015796625055372715,
synthetic_noise_050,ISTA,0.11191001253418736,1.8072456907012708,,0.32156230840649,48,0.3541666666666667,0.85,0.5,,,0.01602279208600521,
synthetic_noise_050,FISTA,0.11191001253418736,1.8072511356549934,,0.3226409980394959,48,0.3541666666666667,0.85,0.5,,,0.004852292011491954,
synthetic_noise_050,CD,0.11191001253418736,1.8072442888613323,,0.3206583690998335,49,0.3469387755102041,0.85,0.49275362318840576,,,0.05846279195975512,
synthetic_noise_050,ADMM,0.11191001253418736,1.8072450873160182,,0.3204603498759736,49,0.3469387755102041,0.85,0.49275362318840576,,,0.01678341592196375,
