dataset,algorithm,mu,objective,relative_objective_gap,relative_error,nonzero_count,support_precision,support_recall,support_f1,validation_mse,test_mse,cpu_time,notes
synthetic_demo,Subgradient,0.11141458580802062,2.863837346683277,,0.8091259181183184,299,0.06688963210702341,1.0,0.12539184952978055,,,0.03687149996403605,
synthetic_demo,ISTA,0.11141458580802062,1.692956033826019,,0.2455396009194526,35,0.5142857142857142,0.9,0.6545454545454545,,,0.016944625065661967,
synthetic_demo,FISTA,0.11141458580802062,1.6929577023892428,,0.2461190328909973,35,0.5142857142857142,0.9,0.6545454545454545,,,0.0070143339689821005,
synthetic_demo,CD,0.11141458580802062,1.6929555132096272,,0.2450603128229706,35,0.5142857142857142,0.9,0.6545454545454545,,,0.052013417007401586,
synthetic_demo,ADMM,0.11141458580802062,1.6929564931466479,,0.2449544922071631,35,0.5142857142857142,0.9,0.6545454545454545,,,0.014615041087381542,
