dataset,algorithm,mu,objective,relative_objective_gap,relative_error,nonzero_count,support_precision,support_recall,support_f1,validation_mse,test_mse,cpu_time,notes
synthetic_corr_095,Subgradient,0.22436783481132327,3.2529731573293006,,0.9215313643500994,299,0.06688963210702341,1.0,0.12539184952978055,,,0.01737512496765703,
synthetic_corr_095,ISTA,0.22436783481132327,2.680341288414712,,0.7025715303426535,43,0.23255813953488372,0.5,0.31746031746031744,,,0.015125207952223718,
synthetic_corr_095,FISTA,0.22436783481132327,2.6106076131832876,,0.5836105952678452,25,0.44,0.55,0.48888888888888893,,,0.011632374953478575,
synthetic_corr_095,CD,0.22436783481132327,2.6105675304469003,,0.583893332269249,25,0.44,0.55,0.48888888888888893,,,0.13615045801270753,
synthetic_corr_095,ADMM,0.22436783481132327,2.610568457975872,,0.5837774299627432,25,0.44,0.55,0.48888888888888893,,,0.05207891599275172,
