dataset,algorithm,mu,objective,relative_objective_gap,relative_error,nonzero_count,support_precision,support_recall,support_f1,validation_mse,test_mse,cpu_time,notes
synthetic_corr_050,Subgradient,0.12644379907484676,3.3955898902487833,,0.8368793191145416,299,0.06688963210702341,1.0,0.12539184952978055,,,0.01544241700321436,
synthetic_corr_050,ISTA,0.12644379907484676,1.9077135708838808,,0.26343818598617086,31,0.5161290322580645,0.8,0.6274509803921569,,,0.012097333907149732,
synthetic_corr_050,FISTA,0.12644379907484676,1.9077131877407227,,0.26315027520376777,31,0.5161290322580645,0.8,0.6274509803921569,,,0.0071931249694898725,
synthetic_corr_050,CD,0.12644379907484676,1.9077131653104293,,0.26312708477703467,31,0.5161290322580645,0.8,0.6274509803921569,,,0.032279082923196256,
synthetic_corr_050,ADMM,0.12644379907484676,1.9077146885159,,0.2630886837767163,31,0.5161290322580645,0.8,0.6274509803921569,,,0.01113495894242078,
